Film	Rotten Tomatoes	Audience  score	Number of Theatres Opening	Box Office per Cinema Opening	Domestic Gross	Foreign Gross	Worldwide Gross	Budget	Profitability	Opening Weekend	Year Release
The Desolation of Smaug	75	85	3903	18869	252.326338	595	847.326338	225	376.59	73.645197	2013
Man of Steel	55	76	4207	27720	291.045518	377	668.045518	225	296.91	116.619362	2013
Oz The Great & Powerful	59	57	3912	20223	234.911825	258.4	493.311825	215	229.45	79.110453	2013
The Lone Ranger	31	55	3904	7482	89.302115	171.2	260.502115	215	121.16	29.210849	2013
Monsters University	78	83	4004	20587	268.492764	475.066843	743.559607	200	371.78	82.429469	2013
Iron Man 3	78	80	4253	40946	409.013994	806.426	1215.439994	200	607.72	174.144585	2013
Jack the Giant Slayer	52	56	3525	7717	65.187603	132.5	197.687603	195	101.38	27.202226	2013
Star Trek Into Darkness	87	90	3868	18140	228.778661	238.586585	467.365246	190	245.98	70.165559	2013
Pacific Rim	71	78	3275	11385	101.802906	309.2	411.002906	190	216.32	37.285325	2013
World War Z	67	73	3607	18412	202.359711	337.648165	540.007876	190	284.21	66.411834	2013
47 Ronin	12	56	2689	3686	38.05584	83.7	121.75584	175	69.57	9.91031	2013
Thor: The Dark World	65	83	3841	22322	204.509243	428.4	632.909243	170	372.3	85.737841	2013
Fast & Furious 6	69	84	3658	26620	238.67985	550	788.67985	160	492.92	97.375245	2013
White House Down	50	63	3222	7713	73.103784	132.262953	205.366737	150	136.91	24.852258	2013
The Croods	70	79	4046	10786	187.168425	400.036243	587.204668	135	434.97	43.639736	2013
Turbo	67	67	3806	5600	83.028128	199.542554	282.570682	135	209.31	21.312625	2013
THG: Catching Fire	90	92	4163	37971	420.021917	435.873393	855.89531	130	658.38	158.074286	2013
G.I. Joe: Retaliation	28	49	3719	10891	122.52306	253.217645	375.740705	130	289.03	40.501814	2013
R.I.P.D.	13	39	2852	4450	33.618855	44.705365	78.32422	130	60.25	12.691415	2013
After Earth	11	38	3401	8092	60.522097	183.32103	243.843127	130	187.57	27.52004	2013
The Wolverine	69	70	3924	13536	132.556852	282.271394	414.828246	120	345.69	53.113752	2013
Oblivion	53	61	3783	9795	89.107235	197.061337	286.168572	120	238.47	37.054485	2013
Elysium	68	60	3284	9077	93.050117	193.090583	286.1407	115	248.82	29.807393	2013
Ender's Game	61	72	3407	7930	61.737191	50.494282	112.231473	110	102.03	27.017351	2013
The Great Gatsby	49	68	3535	14168	144.840419	206.2	351.040419	105	334.32	50.085185	2013
The Smurfs 2	14	58	3866	4539	71.017784	276.527576	347.54536	105	331	17.548389	2013
The Hangover Part III	19	45	3555	11722	112.200072	249.8	362.000072	103	351.46	41.671198	2013
Gravity	97	85	3575	15604	261.208962	427.3	688.508962	100	688.51	55.785112	2013
The Wolf of Wall Street	77	83	2537	7238	98.508822	77.1	175.608822	100	175.61	18.361578	2013
Epic	64	66	3882	8638	107.518682	160.907952	268.426634	100	268.43	33.531068	2013
A Good Day to Die Hard	14	42	3553	6990	67.349198	237.304984	304.654182	92	331.15	24.834845	2013
The Secret Life of Walter Mitty	48	76	2909	4388	56.34268	112.7	169.04268	90	187.83	12.765508	2013
Percy Jackson: Sea of Monsters	40	58	3031	4751	68.558662	131.290761	199.849423	90	222.05	14.401054	2013
Red 2	42	64	3016	5984	53.26256	88.816411	142.078971	84	169.14	18.048422	2013
Grown Ups 2	7	55	3491	11890	133.668525	113.315753	246.984278	80	308.73	41.508572	2013
Walking with Dinosaurs	25	41	3231	2195	34.691563	78.5	113.191563	80	141.49	7.091938	2013
Cloudy with a Chance of Meatballs 2	70	66	4001	8502	118.870505	138.9	257.770505	78	330.48	34.01793	2013
Despicable Me 2	74	85	3997	20895	368.061265	596.7	964.761265	76	1269.42	83.517315	2013
Now You See Me	50	71	2925	10034	117.723989	234	351.723989	75	468.97	29.350389	2013
Olympus Has Fallen	48	68	3098	9804	98.92564	62.1	161.02564	70	230.04	30.373794	2013
2 Guns	64	68	3025	8945	75.61246	56.327951	131.940411	61	216.3	27.05913	2013
The Mortal Instruments: City of Bones	12	61	3118	2995	31.165421	59.4	90.565421	60	150.94	9.336957	2013
Gangster Squad	32	59	3103	5501	46.000903	59.2	105.200903	60	175.33	17.070347	2013
Beautiful Creatures	37	34	2950	2570	19.452138	40.6	60.052138	60	100.09	7.582595	2013
The Internship	34	54	3366	5147	44.672764	48.82008	93.492844	58	161.19	17.325307	2013
Captain Phillips	93	92	3020	8516	106.244151	110.241686	216.485837	55	393.61	25.718314	2013
Free Birds	18	47	3736	4231	55.43549	35.4	90.83549	55	165.16	15.805237	2013
Anchorman 2	75	62	3507	7480	123.803339	41.7	165.503339	50	331.01	26.232425	2013
Escape Plan	49	59	2883	3429	25.132228	108.243107	133.375335	50	266.75	9.885732	2013
Hansel & Gretel	15	54	3372	5840	55.703475	170	225.703475	50	451.41	19.690956	2013
Planes	26	51	3702	6005	90.288712	129.5	219.788712	50	439.58	22.232291	2013
Prisoners	82	88	3260	6386	61.002302	61.124385	122.126687	46	265.49	20.817053	2013
The Heat	66	73	3181	12296	159.582188	70.348583	229.930771	43	534.72	39.115043	2013
The Host	8	50	3202	3310	26.627201	21.6	48.227201	40	120.57	10.600112	2013
Riddick	58	56	3107	6125	42.025135	56.31216	98.337295	38	258.78	19.030375	2013
We're the Millers	47	73	3260	8104	150.394119	119.6	269.994119	37	729.71	26.419396	2013
Saving Mr. Banks	81	89	15	27558	79.15831	12.1	91.25831	35	260.74	0.413373	2013
Warm Bodies	80	74	3009	6764	66.380662	50.6	116.980662	35	334.23	20.353967	2013
Identity Thief	19	55	3141	11000	134.50692	39.45809	173.96501	35	497.04	34.551025	2013
Parker	41	49	2224	3151	17.616641	28.6	46.216641	35	132.05	7.008222	2013
This is the End	83	73	3055	6782	101.470202	24.57112	126.041322	32	393.88	20.719162	2013
Lee Daniels' The Butler	73	80	2933	8400	116.597286	51.111019	167.708305	30	559.03	24.637312	2013
Side Effects	84	71	2605	3571	32.172757	31.2	63.372757	30	211.24	9.303145	2013
Carrie	49	48	3157	5100	35.266619	48.762638	84.029257	30	280.1	16.101552	2013
Runner Runner	9	34	3026	2547	19.316646	43.358449	62.675095	30	208.92	7.706712	2013
Last Vegas	47	62	3065	5329	63.749942	53.991905	117.741847	28	420.51	16.334566	2013
Kick-Ass 2	29	62	2940	4535	28.795985	30.760119	59.556104	28	212.7	13.332955	2013
Delivery Man	38	52	3036	2617	30.131216	1.2	31.331216	26	120.5	7.944977	2013
Pain and Gain	49	48	3277	6178	49.875291	36.3	86.175291	26	331.44	20.244505	2013
Homefront	40	66	2570	2691	20.158898	11.2	31.358898	22	142.54	6.915241	2013
The Conjuring	86	83	2903	14418	137.400141	180.6	318.000141	20	1590	41.855326	2013
The World's End	89	73	1551	5681	26.004851	20.084436	46.089287	20	230.45	8.81179	2013
Scary Movie 5	4	41	3402	4161	32.015787	46.362957	78.378744	20	391.89	14.157367	2013
The Best Man Holiday	67	90	2024	14875	70.525195	1.1	71.625195	17	421.32	30.107555	2013
Evil Dead	62	64	3025	8521	54.239856	43.303096	97.542952	17	573.78	25.775847	2013
Jackass Presents: Bad Grandpa	61	66	3336	9609	102.003019	47	149.003019	15	993.35	32.055177	2013
Mama	66	57	2647	10730	71.62818	74.8	146.42818	15	976.19	28.40231	2013
The Call	43	66	2507	6828	51.872378	16.7	68.572378	13	527.48	17.118745	2013
21 and Over	28	49	2771	3159	25.68238	19.9	45.58238	13	350.63	8.754168	2013
Baggage Claim	14	56	2027	4455	21.569509	0.887	22.456509	8.5	264.19	9.031102	2013
Don Jon	81	64	2422	3583	24.477704	5.973052	30.450756	6	507.51	8.677009	2013
Insidious Chapter 2	37	60	3049	13208	83.586447	77.916585	161.503032	5	3230.06	40.272103	2013
The Way Way Back	85	85	19	29094	21.506546	1.692106	23.198652	4.6	504.32	0.552788	2013
The Purge	37	37	2536	13430	64.473115	24.855512	89.328627	3	2977.62	34.05836	2013
A Haunted House	10	54	2160	8380	40.041683	19.9	59.941683	2.5	2397.67	18.101682	2013
12 years a slave	96	92	1144	5835	49.280178	78.9	128.180178	20	640.9	6.675731	2013
Her	94	85	1729	3114	24.124034	6.241342	30.365376	23	132.02	5.383775	2013
Dallas Buyers Club	94	92	666	4035	24.845161	6	30.845161	5	616.9	2.687157	2013
21 Jump Street	85	82	3121	11632	138.447667	63.137661	201.585328	42	479.97	36.302612	2012
Abraham Lincoln: Vampire Hunter	35	51	3108	5247	37.519139	78.952441	116.47158	69	168.8	16.306974	2012
American Reunion	44	63	3192	6740	57.011521	177.978063	234.989584	50	469.98	21.51408	2012
Anna Karenina	63	51	16	20043	12.816367	56.112783	68.92915	31	222.35	0.32069	2012
Arbitrage	87	63	197	10163	7.919574	27.565482	35.485056	12	295.71	2.002165	2012
Argo	96	90	3232	6020	136.025503	96.3	232.325503	45	522.08	19.458109	2012
Battleship	34	55	3690	6920	65.422625	237.60286	303.025485	209	144.99	25.534825	2012
Big Miracle	74	64	2129	3645	20.1573	4.561915	24.719215	40	61.8	7.760205	2012
Brave	78	76	4164	15928	237.283207	301.7	538.983207	185	291.34	66.323594	2012
Chernobyl Diaries	19	29	2433	3270	18.11964	19.038008	37.157648	1	3715.76	7.955307	2012
Chronicle (2012)	85	71	2907	7569	64.575175	62.060922	126.636097	12	1055.3	22.004098	2012
Cloud Atlas	66	67	2008	4787	27.108272	103.374596	130.482868	102	127.92	9.612247	2012
Contraband	51	58	2863	8505	66.528	29.734212	96.262212	25	385.05	24.349815	2012
Dark Shadows	38	46	3755	7906	79.727149	165.8	245.527149	150	163.68	29.685274	2012
Diary of a Wimpy Kid: Dog Days	51	64	3391	4312	49.008662	28.103514	77.112176	22	350.51	14.623599	2012
Django Unchained	88	92	3010	10008	162.805434	262.562804	425.368238	100	425.37	30.122888	2012
Dr. Seuss' The Lorax	54	64	3729	18830	214.0305	134.809816	348.840316	70	498.34	70.21707	2012
Dredd	78	72	2506	2505	13.414714	22.211811	35.626525	50	71.25	6.278491	2012
End of Watch	85	86	2730	4818	41.003371	7.123013	48.126384	7	687.52	13.152683	2012
Flight	78	75	1884	13217	93.772375	68	161.772375	31	521.85	24.900566	2012
Frankenweenie	87	70	3005	3798	35.291068	46.2	81.491068	39	208.95	11.412213	2012
Ghost Rider: Spirit of Vengeance	17	32	3174	6968	51.774002	80.789928	132.56393	57	232.57	22.115334	2012
Haywire	80	40	2439	3454	18.942396	14.43021	33.372606	23	145.1	8.42537	2012
Hope Springs	74	56	2361	6205	63.536011	50.74504	114.281051	30	380.94	14.650121	2012
Hotel Transylvania	45	72	3349	12697	148.313048	210.062555	358.375603	85	421.62	42.522194	2012
House at the End of The Street	10	42	3083	3985	31.611916	7.850222	39.462138	10	394.62	12.287234	2012
Ice Age: Continental Drift	37	63	3881	12015	161.321843	715.922939	877.244782	95	923.42	46.629259	2012
Jack Reacher	61	67	3352	4538	80.070736	138.269859	218.340595	60	363.9	15.210156	2012
John Carter	51	60	3749	8050	73.0781	211.061	284.1391	250	113.66	30.180188	2012
Journey 2: The Mysterious Island	52	60	3470	7878	103.86029	231.4	335.26029	79	424.38	27.335363	2012
Katy Perry: Part of Me	78	73	2730	2615	25.326071	7.400885	32.726956	12	272.72	7.138266	2012
Killing Them Softly	75	44	2424	2811	15.026056	22.904409	37.930465	15	252.87	6.8129	2012
Lawless	67	75	2888	3463	37.400127	16.276453	53.67658	26	206.45	10.001982	2012
Life of Pi	87	85	2927	7670	124.987023	484.029542	609.016565	120	507.51	22.451514	2012
Lincoln	90	81	11	85846	182.207973	93.085477	275.29345	65	423.53	0.944308	2012
Looper	93	82	2992	6952	66.486205	110.020614	176.506819	30	588.36	20.801522	2012
Madagascar 3: Europe's Most Wanted	79	73	4258	14166	216.391482	530.529792	746.921274	145	515.12	60.316738	2012
Magic Mike	80	61	2930	13354	113.721571	53.5	167.221571	7	2388.88	39.12717	2012
Man on a Ledge	32	52	2998	2669	18.62	27.601189	46.221189	42	110.05	8.001932	2012
Marvel's The Avengers	92	91	4349	47698	623.35791	895.237	1518.59491	220	690.27	207.438708	2012
MIB 3	70	71	4248	12851	179.020854	445.005922	624.026776	225	277.35	54.592779	2012
Mirror Mirror	49	45	3603	5032	64.935167	101.235755	166.170922	85	195.5	18.132085	2012
Paranormal Activity 4	24	36	3412	8501	53.9213	88.917657	142.838957	5	2856.78	29.003866	2012
ParaNorman	87	72	3429	4108	56.003051	51.136348	107.139399	60	178.57	14.08705	2012
Parental Guidance	18	61	3367	4323	77.267296	42.504936	119.772232	25	479.09	14.554053	2012
Pitch Perfect	81	83	335	15371	65.001093	48.040982	113.042075	17	664.95	5.149433	2012
Premium Rush	76	60	2255	2674	20.275446	10.808153	31.083599	35	88.81	6.030164	2012
Prometheus	74	69	3396	15032	126.477084	276.877385	403.354469	130	310.27	51.050101	2012
Red Tails	40	58	2512	7477	49.876377	0.489	50.365377	58	86.84	18.782154	2012
Resident Evil: Retribution	31	51	3012	6989	42.345531	197.813724	240.159255	65	369.48	21.052227	2012
Rise of the Guardians	74	81	3653	6508	103.412758	203.528912	306.94167	145	211.68	23.773465	2012
Rock of Ages	41	55	3470	4161	38.518613	20.9	59.418613	75	79.22	14.437269	2012
Safe (2012)	57	60	2266	3483	17.14208	23.204106	40.346186	30	134.49	7.892539	2012
Safe House	53	64	3119	12880	126.373434	81.702771	208.076205	85	244.8	40.17272	2012
Salmon Fishing in the Yemen	67	64	18	12550	9.047981	25.51667	34.564651	15	238.38	0.225894	2012
Savages (2012)	51	55	2628	6095	47.382068	35.584084	82.966152	45	184.37	16.01691	2012
Seven Psychopaths	83	71	1480	2821	15.024049	4.398212	19.422261	15	129.48	4.174915	2012
Silver Linings Playbook	92	86	16	27688	132.092958	104.319495	236.412453	21	1125.77	0.443003	2012
Sinister	63	61	2527	7126	48.086903	29.625536	77.712439	3	2590.41	18.007634	2012
Skyfall	92	86	3505	25211	304.360277	804.200736	1108.561013	200	554.28	88.364714	2012
Snow White and the Huntsman	48	52	3773	14900	155.332381	241.260448	396.592829	170	233.29	56.2177	2012
Sparkle (2012)	57	65	2244	5189	24.397469	0.24	24.637469	14	175.98	11.643342	2012
Step Up Revolution	42	69	2567	4570	35.074677	105.396069	140.470746	33	425.67	11.731708	2012
Taken 2	21	54	3661	13525	139.854287	236.287019	376.141306	45	835.87	49.514769	2012
Ted	68	74	3239	16800	218.815487	330.552828	549.368315	50	1098.74	54.415205	2012
That's My Boy	20	53	3030	4440	36.931089	20.788004	57.719093	70	82.46	13.453714	2012
The Amazing Spider-Man	73	77	4318	14360	262.030663	490.185894	752.216557	230	327.05	62.004688	2012
The Best Exotic Marigold Hotel	78	79	27	27298	46.412041	90.424115	136.836156	10	1368.36	0.737051	2012
The Bourne Legacy	56	58	3745	10185	113.20387	162.94088	276.14475	125	220.92	38.142825	2012
The Cabin in the Woods	92	73	2811	5245	42.073277	24.412803	66.48608	30	221.62	14.743614	2012
The Dark Knight Rises	88	90	4404	36532	448.139099	636.3	1084.439099	250	433.78	160.887295	2012
The Devil Inside	6	22	2285	14763	53.261944	48.496546	101.75849	1	10175.85	33.732515	2012
The Dictator	57	45	3008	5796	59.650222	119.729311	179.379533	65	275.97	17.435092	2012
The Expendables 2	65	68	3316	8622	85.028192	220.4	305.428192	100	305.43	28.59137	2012
The Five-Year Engagement	63	52	2936	3614	28.835528	25.074223	53.909751	30	179.7	10.61006	2012
The Grey	79	61	3185	6174	51.580236	25.698095	77.278331	25	309.11	19.665101	2012
The Guilt Trip	38	40	2431	2176	37.134215	4.726399	41.860614	40	104.65	5.290629	2012
The Hobbit: An Unexpected Journey	65	83	4045	20919	303.003568	714	1017.003568	200	508.5	84.617303	2012
The Hunger Games	84	81	4137	36871	408.010692	283.237076	691.247768	78	886.22	152.535747	2012
The Impossible	81	85	15	9588	19.019882	161.254241	180.274123	30	600.91	0.143818	2012
The Lucky One	20	68	3155	7137	60.457138	38.9	99.357138	25	397.43	22.518358	2012
The Pirates! Band of Misfits	86	60	3358	3317	31.051126	92.002915	123.054041	55	223.73	11.137734	2012
The Possession	40	49	2816	6297	49.130154	36.315921	85.446075	14	610.33	17.73248	2012
The Three Stooges	52	49	3477	4892	44.338224	10.481077	54.819301	30	182.73	17.010125	2012
The Twilight Saga: Breaking Dawn Part 2	48	71	4070	34660	292.324737	537.36064	829.685377	120	691.4	141.067634	2012
The Vow	29	63	2958	13929	125.01403	71.10054	196.11457	30	653.72	41.202458	2012
The Watch	17	40	3168	4025	35.353	32.914862	68.267862	68	100.39	12.750297	2012
The Woman in Black	66	55	2855	7311	54.33329	73.397446	127.730736	17	751.36	20.874072	2012
This Is 40	51	51	2912	3976	67.544505	20.514281	88.058786	35	251.6	11.579175	2012
Total Recall (2012)	30	47	3601	7103	58.877969	139.589199	198.467168	125	158.77	25.577758	2012
Underworld Awakening	26	62	3078	8222	62.321039	97.791632	160.112671	70	228.73	25.306725	2012
What to Expect When You're Expecting	22	48	3021	3491	41.152203	43.231799	84.384002	40	210.96	10.547068	2012
Wreck-It Ralph	86	87	3752	13070	189.422889	281.8	471.222889	165	285.59	49.038712	2012
30 Minutes or Less	43	48	2888	4616	37.05	3.49	40.55	28	144.81	13.33	2011
50/50	93	93	2458	3517	35.01	4.17	39.19	8	489.84	8.64	2011
A Very Harold and Kumar Christmas	72	71	2875	4506	35.06	0.33	35.39	19	186.25	12.95	2011
Abduction	4	46	3118	3504	28.09	54	82.09	35	234.53	10.93	2011
Anonymous	46	66	265	3856	4.46	10.93	15.39	30	51.31	1.02	2011
Apollo 18	23	31	3328	2615	17.69	7.88	25.56	5	511.24	8.7	2011
Arthur	26	49	3276	3731	33.04	12.7	45.74	40	114.34	12.22	2011
Arthur Christmas	92	82	3376	3537	46.46	100.95	147.41	150	98.27	12.07	2011
Average	53	61	2656	8618	66	99	162	53	304.5	21	2011
Bad Teacher	44	38	3049	10365	100.29	115.9	216.2	20	1080.98	31.6	2011
Battle: Los Angeles	35	50	3417	10411	83.55	128.27	211.82	70	302.6	35.57	2011
Beastly	19	50	1952	5047	27.87	15.3	43.17	17	253.91	9.85	2011
Bridesmaids	90	77	2918	8995	169.11	119.28	288.38	32.5	887.33	26.25	2011
Captain America: The First Avenger	78	75	3715	17512	176.65	193.92	370.57	140	264.69	65.06	2011
Cars 2	38	56	4115	16072	191.45	368.4	559.85	200	279.93	66.14	2011
Colombiana	28	55	2614	3982	36.67	24.3	60.97	40	152.41	10.41	2011
Conan the Barbarian	22	34	3015	3324	21.3	27.5	48.8	90	54.22	10.02	2011
Contagion	84	63	3222	6935	75.66	59.8	135.46	60	225.76	22.4	2011
Cowboys and Aliens	44	50	3750	9715	100.24	74.58	174.82	163	107.25	36.43	2011
Crazy Stupid Love	78	81	3020	6326	84.35	58.5	142.85	50	285.7	19.1	2011
Diary of a Wimpy Kid 2: Rodrick Rules	47	63	3167	7500	52.7	19.72	72.42	21	344.84	23.75	2011
Dolphin Tale	84	81	3507	5461	72.29	23.12	95.41	37	257.86	19.15	2011
Don't Be Afraid Of The Dark	59	37	2760	3089	24.05	12.95	36.99	25	147.97	8.53	2011
Dream House	7	38	2661	3055	21.3	17.2	38.5	50	77	8.13	2011
Drive	93	79	2886	3929	35.06	41.11	76.17	15	507.83	11.34	2011
Drive Angry	45	38	2290	2265	10.72	18.21	28.93	45	64.29	5.19	2011
Extremely Loud and Incredibly Close	47	62	2630	3820	31.847	23.4	55.247	40	138.12	10.04	2011
Fast Five	78	83	3644	23655	209.4	416.3	626.13	125	500.9	86.19	2011
Final Destination 5	61	56	3155	5715	42.59	115.3	157.89	40	394.72	18.03	2011
Footloose	71	71	3549	4383	51.8	11.74	63.54	24	264.76	15.56	2011
Friends With Benefits	71	68	2926	6364	55.8	93.74	149.54	35	427.26	18.62	2011
Fright Night	75	68	3114	2477	18.3	22.7	41	30	136.67	7.71	2011
Gnomeo and Juliet	56	52	2994	8469	99.97	94	193.97	36	538.8	25.36	2011
Green Lantern	27	48	3816	13935	116.6	103.25	219.85	200	109.93	53.17	2011
Hall Pass	35	44	2950	4588	45.06	38.1	83.16	36	231	13.54	2011
Hanna	71	67	2535	4880	40.26	23.52	63.78	30	212.6	12.37	2011
Happy Feet 2	41	59	3606	5889	64.01	86.4	150.41	135	111.41	21.24	2011
Harry Potter and the Deathly Hallows Part 2	96	92	4375	38672	381.01	960.5	1341.51	125	1073.21	169.19	2011
Hop	26	50	3579	10490	108.09	75.87	183.95	63	291.99	37.54	2011
Horrible Bosses	69	72	3040	9310	117.54	92.1	209.64	35	598.97	28.3	2011
Hugo	93	84	1277	8899	73.864	111.905	185.769	150	123.85	11.36	2011
I Am Number Four	32	57	3154	6167	55.1	94.78	149.88	60	249.8	19.45	2011
Immortals	36	59	3112	10349	83.5	143.4	226.9	75	302.54	32.21	2011
In Time	38	55	3122	3860	37.52	136.41	173.93	40	434.83	12.05	2011
Insidious	67	65	2408	5511	54.01	43	97.01	1.5	6467.27	13.27	2011
J.Edgar	42	84	1910	5873	37.31	47.3	84.61	35	241.73	11.22	2011
Jack and Jill	4	59	3438	7273	74.16	75.52	149.68	79	189.47	25	2011
Johnny English Reborn	38	55	1552	2470	8.31	151.77	160.08	45	355.73	3.83	2011
Just Go With It	19	63	3548	8601	103.03	111.92	214.95	80	268.68	30.51	2011
Killer Elite	25	48	2986	3132	25.12	31.26	56.38	70	80.55	9.35	2011
Kung Fu Panda 2	82	80	3925	12142	165.25	500.44	665.69	150	443.79	47.66	2011
Larry Crowne	34	46	2973	4405	35.61	36.4	72.01	30	240.03	13.1	2011
Limitless	69	73	2756	6860	79.25	82.6	161.85	27	599.44	18.91	2011
Mars Needs Moms	36	43	3117	2218	21.39	17.6	38.99	150	25.99	6.91	2011
Midnight in Paris	93	84	944	6177	56.82	94.3	151.12	17	888.94	5.83	2011
Mission Impossible 4	93	86	3448	8672	209.39	485.32	694.71	145	479.11	29.55	2011
Moneyball	95	89	2993	6516	75.6	34.6	110.2	50	220.4	19.5	2011
Monte Carlo	38	50	2473	3014	23.19	16.48	39.67	20	198.33	7.45	2011
Mr. Popper's Penguins	47	54	3339	5524	68.22	119.14	187.36	55	340.66	18.45	2011
My Week with Marilyn	83	84	247	7174	14.6	20.46	35.06	10	350.57	1.75	2011
New Year's Eve	8	48	3505	3714	54.54	87.5	142.04	56	253.64	13.01	2011
No Strings Attached	49	57	3018	6512	70.66	78.57	149.23	25	596.91	19.7	2011
One Day	37	54	1719	2955	13.84	45.55	59.39	15	395.92	5.08	2011
Paranormal Activity 3	68	58	3321	15829	104.03	103.01	207.04	5	4140.78	52.57	2011
Paul	72	70	2802	4655	37.41	60.57	97.98	40	244.96	13.04	2011
Pirates of the Caribbean:On Stranger Tides	34	61	4155	21697	241.07	804.64	1045.71	250	418.28	90.15	2011
Priest	17	37	2864	5221	29.14	49.17	78.31	60	130.51	14.95	2011
Puss In Boots	83	76	3952	8623	149.26	405.73	554.99	130	426.91	34.08	2011
Rango	88	69	3917	9722	123.48	122.25	245.72	135	182.02	38.08	2011
Real Steel	58	81	3440	7942	85.47	213.8	299.27	110	272.06	27.32	2011
Red Riding Hood	11	41	3030	4622	37.66	51.5	89.16	42	212.29	14.01	2011
Rio	71	73	3826	10252	143.62	341.02	484.63	90	538.48	39.23	2011
Rise of the Planet of the Apes	83	87	3648	15024	176.7	305.04	481.74	93	518	54.81	2011
Sanctum	30	39	2787	3390	23.21	85.4	108.61	30	362.03	9.4	2011
Scream 4	58	57	3305	5656	38.18	58.96	97.14	40	242.84	18.69	2011
Season Of The Witch	10	32	2816	3769	24.83	66.8	91.63	40	229.07	10.6	2011
Shame	80	80	10	34952	3.09	13.784	16.874	6.5	259.6	0.34	2011
Shark Night 3D	16	25	2806	2995	18.88	21.26	40.14	25	160.54	8.4	2011
Sherlock Holmes 2	60	79	3703	10704	186.85	358.6	545.45	125	436.36	39.63	2011
Soul Surfer	46	79	2214	4789	43.85	3.24	47.09	18	261.6	10.6	2011
Source Code	92	81	2961	5002	54.71	92.62	147.33	32	460.41	14.81	2011
Spy Kids: All The Time in the World	22	40	3295	3534	38.54	47.03	85.56	27	316.9	11.64	2011
Sucker Punch	23	48	3033	6284	36.39	53.4	89.79	82	109.5	19.06	2011
Super 8	82	78	3379	10492	127	133.09	260.1	50	520.19	35.45	2011
The Adjustment Bureau	72	67	2840	7450	62.5	65.37	127.87	50.2	254.72	21.16	2011
The Adventures of Tintin	74	78	3087	3149	77.591	296.402	373.993	130	287.69	9.72	2011
The Artist	97	91	662	3583	44.671	88.761	133.432	16	833.95	2.37	2011
The Beaver	62	57	22	4890	0.97	5.4	6.37	21	30.33	0.11	2011
The Big Year	38	62	2150	1513	7.2	0.24	7.45	41	18.17	3.25	2011
The Change Up	24	53	2913	4645	37.08	38.37	75.45	52	145.09	13.53	2011
The Company Men	66	55	106	6111	4.44	0.44	4.88	15	32.55	0.64	2011
The Conspirator	56	65	707	4960	11.54	3.94	15.48	25	61.91	3.51	2011
The Debt	76	70	1826	5427	31.18	14.46	45.64	20	228.18	9.91	2011
The Descendants	89	88	876	5000	82.58	94.66	177.24	20	886.22	4.38	2011
The Dilemma	23	31	2940	6060	48.48	21.25	69.72	70	99.6	17.8	2011
The Eagle	39	43	2296	3782	19.49	7.63	27.12	25	108.48	8.68	2011
The Girl With The Dragon Tattoo	87	89	2914	4382	102.06	130.101	232.161	90	257.96	12.76	2011
The Green Hornet	44	47	3584	9335	98.78	129.04	227.82	120	189.85	33.5	2011
The Hangover Part II	35	58	3615	23775	254.46	332.3	586.76	80	733.46	85.95	2011
The Help	75	91	2534	10278	169.71	46.93	216.64	25	866.56	26.04	2011
The Ides of March	85	76	2199	4761	40.96	35.03	75.99	12.5	607.94	10.47	2011
The Iron Lady	53	54	802	6749	30.017	84.938	114.955	13	884.27	5.41	2011
The Lincoln Lawyer	84	82	2707	4879	58.01	17	75.01	40	187.52	13.21	2011
The Mechanic	53	52	2703	4226	29.12	21.95	51.07	40	127.68	11.4	2011
The Muppets	97	87	3440	8500	88.63	76.55	165.18	45	367.08	29.24	2011
The Rite	20	43	2985	4955	33.05	63	96.05	37	259.59	14.8	2011
The Roommate	4	29	2534	5921	37.3	3.19	40.49	16	253.08	15	2011
The Rum Diary	50	48	2273	2259	13.11	10.84	23.95	45	53.21	5.14	2011
The Sitter	22	43	2750	2582	30.441	4.5	34.941	25	139.76	9.85	2011
The Smurfs	23	50	3395	10489	142.61	421.14	563.75	110	512.5	35.61	2011
The Thing	36	52	2996	2835	16.93	10.5	27.43	38	72.18	8.49	2011
The Three Musketeers	24	48	3017	2875	20.37	111.9	132.27	75	176.37	8.67	2011
Thor	77	80	3955	16618	181.03	268.29	449.32	150	299.55	65.72	2011
Tinker Tailor Soldier Spy	83	68	809	6772	24.149	56.481	80.63	21	383.95	5.47	2011
Tower Heist	68	61	3367	7135	78.04	74.88	152.92	75	203.9	24.03	2011
Transformers: Dark of the Moon	35	67	4088	23937	352.39	771.4	1123.79	195	576.3	97.85	2011
Twilight: Breaking Dawn	26	68	4061	34012	281.29	430.88	712.17	110	647.43	138.12	2011
Unknown	55	57	3043	7183	63.69	67.1	130.79	30	435.95	21.86	2011
War Horse	77	73	2376	6114	79.884	97.7	177.584	66	269.07	14.52	2011
Warrior	83	93	1869	2805	13.66	9.4	23.06	25	92.23	5.24	2011
Water For Elephants	60	72	2817	5979	58.71	58.39	117.09	38	308.14	16.84	2011
We Bought a Zoo	63	79	3117	3003	75.624	44.457	120.081	50	240.16	9.36	2011
What's Your Number	24	50	3002	1806	14.01	16.42	30.43	20	152.13	5.42	2011
Winnie The Pooh	91	79	2405	3267	26.69	6.46	33.15	30	110.51	7.86	2011
X-Men: First Class	87	88	3641	15134	146.41	207.22	353.62	160	221.01	55.1	2011
Your Highness	26	36	2769	3380	21.6	3.26	24.86	49.9	49.81	9.36	2011
Zookeeper	14	42	3482	5763	80.36	89.49	169.85	80	212.31	20.07	2011
127 Hours	93	84	916	2333	18.33	42.4	60.73	18	337.39	2.13	2010
A Nightmare on Elm Street	13	40	3332	9875	63.08	52.59	115.67	35	330.49	32.9	2010
Alice in Wonderland	52	72	3728	31143	334.19	691.28	1025.466	200	512.73	116.1	2010
All About Steve	6	35	2251	4994	33.86	6.26	40.12	15	267.47	11.2	2010
Alpha and Omega	17	41	2625	3469	25.11	25.4	50.507	20	252.54	9.1	2010
Black Swan      	88	86	959	8742	106.95	222.44	329.397	13	2533.82	8.38	2010
Brooklyn's Finest	42	47	1936	6896	27.16	9.28	36.439	17	214.35	13.4	2010
Buried	86	63	11	9115	1.04	18.11	19.148	2	957.4	0.103	2010
Burlesque	36	66	3037	3934	39.44	50.08	89.519	55	162.76	11.95	2010
Case 39	23	42	2211	2420	13.26	14.93	28.19	26	108.42	5.4	2010
Cats & Dogs: The Revenge of Kitty Galore	13	43	3705	3314	43.59	68.9	112.49	85	132.34	12.3	2010
Charlie St. Cloud	27	62	2718	4555	31.16	17.03	48.188	44	109.52	12.4	2010
Clash of the Titans	28	48	3777	16213	163.21	330	493.214	125	394.57	61.2	2010
Conviction	68	71	672	2424	6.79	2.92	9.71	12.5	77.68	1.62	2010
Cop Out	19	45	3150	5781	44.88	10.71	55.588	30	185.29	18.21	2010
Country Strong	20	56	1424	5145	20.22	0.31	20.528	15	136.85	7.33	2010
Date Night	66	58	3374	7471	98.71	53.55	152.263	55	276.84	25.2	2010
Daybreakers	67	50	2523	6003	30.1	21.31	51.41	20	257.05	15.1	2010
Dear John	29	66	2969	10262	80.01	34.96	114.97	25	459.88	30.4	2010
Death at a Funeral	40	48	2459	6595	42.74	6.31	49.05	21	233.57	16.2	2010
Despicable Me	81	81	3476	16225	251.51	291.6	543.113	69	787.12	56.4	2010
Devil	52	45	2809	4375	33.6	29.09	62.694	10	626.94	12.3	2010
Diary of a Wimpy Kid	53	49	3077	7191	64	11.7	75.7	15	504.67	22.1	2010
Dinner for Schmucks	43	47	2911	8082	73.03	13.83	86.855	69	125.88	23.5	2010
Due Date	40	56	3355	9743	100.54	111.24	211.78	50	423.56	32.69	2010
Easy A	85	75	2856	6209	58.4	16.55	74.95	8	936.88	17.7	2010
Eat Pray Love	36	46	3082	7497	80.57	124.02	204.59	60	340.98	23.1	2010
Edge of Darkness	55	56	3066	5615	43.31	37.81	81.12	80	101.4	17.2	2010
Extraordinary Measures	27	55	2549	2359	12.07	3.07	15.14	31	48.84	6	2010
Faster	41	50	2454	3873	23.24	12.39	35.626	24	148.44	8.52	2010
For Colored Girls	33	73	2127	9167	37.73	17.32	55.049	21	262.14	19.5	2010
From Paris with Love	38	57	2722	2997	24.08	28.75	52.829	52	101.59	8.2	2010
Furry Vengeance	8	36	2997	2211	17.63	18.61	36.236	35	103.53	6.6	2010
Get Him to the Greek	73	63	2697	6515	60.97	30.29	91.257	40	228.14	17.6	2010
Going the Distance	53	56	3030	2272	17.8	24.25	42.05	32	131.41	6.9	2010
Green Zone	53	60	3003	4765	35.05	59.83	94.878	100	94.88	14.3	2010
Grown Ups	10	59	3534	11462	162	109.43	271.43	80	339.29	40.5	2010
Gulliver's Travels	21	31	2546	2477	42.78	194.6	237.382	112	211.95	6.3	2010
Harry Potter and the Deathly Hallows Part 1	79	87	4125	30307	295	664.3	959.3	125	767.44	125	2010
Hot Tub Time Machine	64	57	2754	5091	50.29	14.28	64.571	36	179.36	14	2010
How to Train Your Dragon	98	90	4055	10785	217.58	277.3	494.88	165	299.93	43.7	2010
Inception	86	93	3792	16557	292.58	532.96	825.536	160	515.96	62.8	2010
Iron Man 2	74	80	4380	29252	312.43	311.5	623.93	200	311.97	128.1	2010
Jackass 3-D	63	72	3081	16343	117.23	54.46	171.685	20	858.43	50.4	2010
Jonah Hex	13	24	2825	1904	10.55	0.36	10.91	47	23.21	5.4	2010
Just Wright	45	58	1831	4525	21.54	0.03	21.569	12	179.74	8.3	2010
Kick-Ass	76	83	3065	6469	48.07	48.12	96.188	30	320.63	19.8	2010
Killers	11	45	2859	5539	47.06	51.1	98.16	75	130.88	15.8	2010
Knight and Day	53	52	3098	6501	76.42	185.51	261.927	117	223.87	20.2	2010
Leap Year	21	49	2511	3665	25.92	6.69	32.608	19	171.62	9.2	2010
Legend of the Guardians: The Owls of Ga'Hoole	51	65	3575	4507	55.68	84.4	140.073	80	175.09	16.1	2010
Legion	19	36	2476	7069	40.17	27.75	67.92	26	261.23	17.5	2010
Letters to Juliet	40	62	2968	4562	53.03	26.15	79.179	30	263.93	13.5	2010
Life as We Know It	28	62	3150	4605	53.13	43.03	53.374	52.274	102.1	14.5	2010
Little Fockers	9	40	3536	8720	148.44	162.21	310.649	100	310.65	30.83	2010
Love & Other Drugs	48	55	2455	3967	32.37	70.44	102.802	30	342.67	9.74	2010
MacGruber	47	33	2551	1585	8.53	0.8	9.327	10	93.27	4	2010
Machete	73	66	2670	4276	26.59	17.5	44.089	20	220.45	11	2010
Marmaduke	9	46	3213	3610	33.64	50.12	83.757	50	167.51	11.6	2010
Megamind	72	73	3944	11668	148.42	173.47	321.884	130	247.6	46.02	2010
Morning Glory	54	54	2518	3655	31.01	29.03	60.039	40	150.1	9.2	2010
My Soul to Take	9	29	2572	2660	14.74	6.23	20.971	25	83.88	6.84	2010
Nanny McPhee Returns	77	54	2784	3020	29.01	64.23	93.24	35	266.4	8.4	2010
Percy Jackson & the Olympians: The Lightning Thief	50	57	3356	9308	88.77	137.73	226.5	95	238.42	31.2	2010
Piranha 3-D	74	45	2470	4092	25	58.19	83.188	24	346.62	10.1	2010
Predators	64	52	2669	9277	52	75.23	127.232	40	318.08	24.8	2010
Prince of Persia: The Sands of Time	36	71	3646	8254	90.76	245.61	336.365	200	168.18	30	2010
Red	71	72	3255	6686	90.38	108.63	199.006	58	343.11	21.8	2010
Remember Me	28	70	2212	3657	19.07	36.96	56.034	16	350.21	8	2010
Repo Men	22	43	2521	2430	13.79	4.62	18.41	32	57.53	6.1	2010
Resident Evil: Afterlife	24	53	3203	8320	60.13	236.09	296.22	60	493.7	26.7	2010
Robin Hood	42	59	3503	10295	105.27	216.4	321.669	200	160.83	36	2010
Salt	62	62	3612	9970	118.31	175.19	293.502	110	266.82	36	2010
Saw 3-D	10	47	2808	8024	45.71	90.44	136.15	20	680.75	22.53	2010
Scott Pilgrim vs. the World	81	83	2818	3765	31.52	16.14	47.66	60	79.43	10.6	2010
Sex and the City 2	15	49	3445	8999	95.35	193	288.347	100	288.35	31	2010
She's Out of My League	57	60	2956	3307	32.01	17.77	49.778	20	248.89	9.8	2010
Shrek Forever After	57	64	4359	16251	238.74	513.86	752.604	165	456.12	70.8	2010
Shutter Island	68	73	2991	13729	128.01	166.79	294.802	80	368.5	41	2010
Skyline	16	19	2880	4060	21.39	45.43	66.817	10	668.17	11.69	2010
Step Up 3D	46	67	2435	6494	42.4	116.89	159.291	30	530.97	15.8	2010
Takers	27	57	2206	9298	57.74	11.31	69.05	32	215.78	20.5	2010
Tangled	89	88	3603	13535	200.82	390.97	591.794	260	227.61	48.77	2010
The A-Team	47	71	3535	7262	77.22	100.02	177.236	100	177.24	25.7	2010
The American	66	37	2823	4668	35.61	32.27	67.875	20	339.38	13.1	2010
The Back-up Plan	20	47	3280	3720	37.49	39.99	77.477	35	221.36	12.2	2010
The Book of Eli      	48	68	3111	10540	94.84	62.27	157.107	80	196.38	32.7	2010
The Bounty Hunter	7	41	3074	6729	67.06	69.27	136.333	40	340.83	20.7	2010
The Chronicles of Narnia: The Voyage of the Dawn Treader	49	63	3555	6752	104.39	311.3	415.685	155	268.18	24	2010
The Crazies	72	54	2476	6489	39.12	15.68	54.803	20	274.02	16.07	2010
The Expendables	40	58	3270	10650	103.07	171.4	274.469	82	334.72	34.8	2010
The Fighter	91	88	2503	4848	93.62	35.54	129.154	25	516.62	12	2010
The Ghost Writer	83	68	819	2520	15.54	44.68	60.22	45	133.82	2	2010
The Karate Kid	66	75	3663	15197	176.59	182.53	359.12	40	897.8	55.7	2010
The Kids Are All Right	94	72	847	4162	20.81	13.89	34.704	4	867.6	3.5	2010
The King's Speech	95	93	700	6406	138.79	275.41	414.204	15	2761.36	4.4	2010
The Last Airbender	6	42	3169	12725	131.77	187.94	319.713	150	213.14	40.3	2010
The Last Exorcism	73	32	2874	7087	41.03	26.7	67.733	1.8	3762.94	20.4	2010
The Last Song	19	66	2673	5989	62.95	26.09	89.04	20	445.2	16	2010
The Losers	47	55	2936	3204	23.59	5.79	29.38	25	117.52	9.4	2010
The Next Three Days	51	66	2564	2552	21.15	46.3	67.45	30	224.83	6.54	2010
The Other Guys	78	57	3651	9735	119.22	51.21	170.431	100	170.43	35.5	2010
The Runaways	68	56	244	3300	3.57	1.11	4.677	10	46.77	0.8	2010
The Social Network	96	89	2771	8100	96.96	127.96	224.919	50	449.84	22.4	2010
The Sorcerer's Apprentice	42	57	3504	5028	63.15	152.13	215.28	150	143.52	17.6	2010
The Switch	52	44	2012	4193	27.78	22.05	49.831	19	262.27	8.4	2010
The Tourist	20	44	2756	5977	67.63	210.72	278.346	100	278.35	16	2010
The Town	94	83	2856	8322	92.19	61.84	154.025	37	416.28	23.8	2010
The Twilight Saga: Eclipse	50	74	4468	14510	300.53	397.96	698.489	68	1027.19	64.8	2010
The Wolfman	33	38	3222	9770	61.98	77.81	139.79	150	93.19	31.5	2010
Tooth Fairy	16	46	3344	4190	60.02	52.44	112.46	48	234.29	14	2010
Toy Story 3	99	91	4028	27385	415	648.16	1063.16	200	531.58	110.3	2010
Tron: Legacy	50	67	3451	12578	172.06	228	400.062	170	235.33	44.03	2010
True Grit	96	86	3047	8149	171.24	81.03	252.273	38	663.88	24	2010
Unstoppable	86	73	3207	7075	81.56	86.24	167.802	95	176.63	22.69	2010
Valentine's Day	17	54	3655	15351	110.49	106	216.485	52	416.32	56.2	2010
Vampires Suck	4	32	3233	3774	36.66	43.89	80.546	20	402.73	12.2	2010
Wall Street: Money Never Sleeps	54	43	3565	5333	52.47	82.27	134.743	70	192.49	19	2010
Why Did I Get Married Too	27	67	2155	13591	60.09	0.58	60.67	20	303.35	29.3	2010
Yogi Bear	14	36	3515	4669	100.25	101.34	201.584	80	251.98	16.4	2010
You Again	18	45	2548	3300	25.7	6.3	32.003	20	160.02	8.4	2010
Youth in Revolt	68	52	1873	3678	15.28	4.37	19.649	18	109.16	6.9	2010
Avatar	83	92	3452	22313	760.5	2021	2781.5	237	1173.63	77	2009
Transformers: Revenge of the Fallen	20	76	4234	25736	402.1	434.2	836.3	210	398.24	109	2009
Harry Potter and the Half-Blood Prince	83	75	4325	17997	302	632	934	250	373.6	77.8	2009
The Twilight Saga: New Moon	27	78	4024	35497	296.62	413.2	709.82	50	1419.64	142.8	2009
Up	98	86	3766	18085	293	438.3	731.3	175	417.89	68.1	2009
The Hangover	79	87	3269	13759	277.3	190.16	467.46	35	1335.6	45	2009
Star Trek	94	91	3849	19539	257.7	127.95	385.65	140	275.46	75.2	2009
The Blind Side	65	90	3110	10971	255.96	53.24	309.2	29	1066.2	34.1	2009
Alvin and the Chipmunks: The Squeakquel	21	59	3700	13210	219.5	223	440.7	75	587.6	48.8	2009
Sherlock Holmes	70	81	3626	17183	209.02	315	524.02	90	582.24	62.3	2009
Monsters Vs. Aliens	72	65	4104	14454	198.4	183.2	381.5	175	218	59.3	2009
Ice Age: Dawn of the Dinosaurs	45	72	4099	10171	196.57	690.11	886.68	90	985.2	41.7	2009
X-Men Origins: Wolverine	37	72	4099	20751	179.9	193.2	373.1	150	248.73	85.1	2009
Night at the Museum: Battle of the Smithsonian	43	60	4096	13226	177.2	235.8	413	150	275.33	54.2	2009
2012	39	63	3404	19165	166.12	603.57	769.69	200	384.84	65.3	2009
The Proposal	43	74	3056	11004	163.96	153.42	314.7	40	786.75	33.6	2009
Fast and Furious	28	76	3461	20500	155.1	208	363.1	85	427.18	70.9	2009
G.I. Joe: The Rise of Cobra	33	62	4007	13654	150.2	152.26	302.1	175	172.63	54.7	2009
Paul Blart: Mall Cop	33	50	3144	10125	146.33	36.95	183.28	26	704.92	31.8	2009
Taken	58	83	3183	7765	145	81.8	226.8	25	907.2	24.7	2009
A Christmas Carol	52	72	3683	8159	137.9	187.43	325.33	200	162.67	30.1	2009
Angels & Demons	36	65	3527	13100	133.4	352.6	485.9	150	323.93	46.2	2009
Terminator Salvation	33	64	3530	12056	125.3	246.7	372	200	186	42.6	2009
Cloudy with a Chance of Meatballs	86	70	3119	9716	124.9	118.13	243.03	100	243.03	30.3	2009
Inglourious Basterds	88	87	3135	12024	120.5	200.91	321.41	70	459.16	38	2009
G-Force	22	50	3697	8576	119.4	173.38	285.1	150	190.07	31.7	2009
District 9	91	81	3049	12251	115.6	95.17	210.77	30	702.57	37.4	2009
It's Complicated	56	63	2887	7655	112.73	106.37	219.1	85	257.76	22.1	2009
Couples Retreat	12	47	3000	11429	109.2	62.63	171.83	60	286.38	34.3	2009
Paranormal Activity	82	56	760	25813	107.92	85.44	193.36	0.015	128	19.6	2009
Watchmen	64	68	3611	15291	107.5	77.7	185.3	130	142.54	55.2	2009
The Princess and the Frog	84	72	3434	7050	104.4	162.64	267.04	105	254.32	24.2	2009
Public Enemies	67	65	3334	7580	97.1	117	214.1	100	214.1	25.2	2009
Julie & Julia	74	69	2354	8508	94.12	32.45	126.57	40	316.43	20	2009
He's Just Not That Into You	42	60	3175	8751	93.95	84.89	178.84	25	715.36	27.8	2009
The Ugly Truth	14	68	2882	9579	88.9	116.38	205.28	38	540.22	27.6	2009
Up in the Air	90	76	1895	5947	83.82	116.38	200.2	25	800.81	11.2	2009
Knowing	33	50	3332	7384	79.95	103.63	183.58	50	367.16	24.6	2009
Hannah Montana: The Movie	44	66	3118	10367	79.58	75.97	155.55	35	444.43	32.3	2009
Where the Wild Things Are	73	59	3735	8754	77.23	22.85	100.08	100	100.08	32.7	2009
Zombieland	90	87	3036	8147	75.59	26.8	102.39	23.6	433.86	24.7	2009
Coraline	89	77	2299	7329	75.28	49.3	124.58	60	207.63	16.8	2009
Law Abiding Citizen	25	77	2890	7280	73.4	53.08	126.48	53	238.64	21	2009
Hotel for Dogs	46	57	3271	5201	73	43.97	118.2	35	337.71	17	2009
Michael Jackson's This Is It	81	82	3481	6675	72.1	189.09	261.19	60	435.32	23.3	2009
I Love You Man 	83	72	2711	6570	71.4	20.2	91.4	40	228.5	17.8	2009
Obsessed	20	50	2514	11318	68.26	5.56	73.82	20	369.1	28.6	2009
Race to Witch Mountain	42	50	3187	7651	67.17	39.21	106.38	50	212.76	24.4	2009
The Final Destination	29	52	3121	8782	66.5	119.69	186.19	40	465.47	27.4	2009
The Taking of Pelham 1 2 3	51	60	3074	7603	65.45	84.71	150.16	100	150.16	23.37	2009
Friday the 13th	25	52	3105	13066	65	26.4	91.4	19	481.05	40.6	2009
17 Again	55	70	3255	7288	64.2	72.1	136.3	20	681.5	23.7	2009
The Time Traveler's Wife	38	65	2988	6233	63.41	37.92	101.33	39	259.82	18.6	2009
Bruno	68	48	2756	11110	60.1	78.75	130.8	42	311.43	30.6	2009
Bride Wars	11	56	3226	6528	58.75	55.95	115.15	30	383.83	21.1	2009
The Haunting in Connecticut	17	51	2732	8420	55.39	22.13	77.52	30	258.4	23	2009
Ghosts of Girlfriends Past	27	47	3175	4854	55.25	46.97	102.22	50	204.44	15.4	2009
Funny People	68	58	3007	7535	51.85	19.73	71.58	75	95.44	22.7	2009
My Bloody Valentine 3-D	57	48	2534	8383	51.54	49.19	100.73	14	719.49	21.2	2009
Old Dogs	5	49	3425	4933	49.49	47.26	96.75	35	276.43	16.9	2009
Land of the Lost	26	38	3521	5350	49.43	19.34	68.77	100	68.77	18.8	2009
My Sister's Keeper	47	73	2606	4774	49.2	46.51	95.71	27.5	348.05	12.4	2009
Underworld: Rise of the Lycans	30	68	2942	7080	45.8	45.55	91.35	35	261	20.8	2009
Confessions of a Shopaholic	24	53	2507	6010	44.27	64.05	108.3	70	155	15	2009
The Lovely Bones	32	57	2563	6635	44	49.51	93.51	65	143.86	17	2009
Year One	14	31	3022	6489	43.33	19.02	62.35	60	103.92	19.6	2009
The Unborn	11	39	2357	8405	42.67	33.84	76.51	16	478.19	19.8	2009
Planet 51	22	45	3035	4048	42.19	63.45	105.64	70	150.91	12.3	2009
Drag Me to Hell	92	61	2508	6310	42.1	48.7	90.8	30	302.67	15.8	2009
Orphan	55	65	2750	4681	41.59	35.1	76.69	30	255.64	12.8	2009
Duplicity	64	38	2574	5425	40.57	37.57	78.14	60	130.23	14	2009
Surrogates	39	42	2951	5050	38.57	83.86	122.43	80	153.04	14.9	2009
Ninja Assassin	25	57	2503	5320	38.12	23.47	61.59	50	123.18	13.3	2009
Invictus	75	74	2125	4052	37.49	84.74	122.23	60	203.72	8.6	2009
State of Play	84	71	2803	5020	37.02	50.79	88.3	60	147	14.1	2009
Notorious	50	66	1638	12514	36.84	7.52	44.36	20	221.8	20.5	2009
The Pink Panther 2	12	47	3243	3573	35.92	40.02	75.94	59	128.71	11.6	2009
All About Steve	6	35	2251	4994	33.86	6.26	40.12	15	267.47	11.2	2009
Halloween II	20	45	3025	5405	33.39	6.02	39.41	15	262.73	16.3	2009
The Informant!	78	42	2505	4177	33.31	8.45	41.76	22	189.82	10.5	2009
The Men Who Stare at Goats	52	43	2443	5201	32.4	36.54	68.94	25	275.76	12.7	2009
(500) Days of Summer	87	81	817	4577	32.39	28.33	60.72	7.5	809.6	3.8	2009
Push	22	47	2313	4358	31.81	17.04	48.85	38	128.55	10.1	2009
Nine	57	58	1661	10398	31.74	16.67	48.41	30	161.37	10.7	2009
The Soloist	56	59	2024	4801	31.7	6.61	38.31	60	63.85	9.7	2009
Did You Hear About the Morgans	12	31	2718	2434	29.58	55.7	85.28	58	147.03	6.6	2009
The Stepfather	12	48	2734	4236	29.1	2.13	31.2	20	156	11.6	2009
Brothers	61	62	2088	4563	28.5	14.77	43.27	26	166.42	9.5	2009
Saw VI	40	67	3036	4650	27.69	40.5	68.19	11	619.91	14.1	2009
Dance Flick	17	35	2450	4344	25.66	5.77	31.43	25	125.72	10.6	2009
The Fourth Kind	18	44	2527	4840	25.48	22.22	47.7	10	477	12.2	2009
The International	58	39	2364	3947	25.4	34.7	60.1	50	120.2	9.3	2009
Aliens in the Attic	30	46	3106	2578	25.2	32.68	57.88	45	128.62	8	2009
Observe and Report	51	40	2727	4040	24	2.96	26.96	18	149.78	11	2009
Love Happens	18	40	1898	4245	22.96	13.12	36.08	18	200.44	8.05	2009
Fame	25	43	3096	3234	22.46	54.76	77.21	18	428.95	10	2009
Fantastic Mr. Fox	93	80	2033	3426	21	25.46	46.46	40	116.15	7	2009
Gamer	29	43	2502	3659	20.53	20.29	40.82	12.5	326.56	9.15	2009
Nine	37	40	1412	3862	19.67	34.32	53.99	80	67.49	5.45	2009
Astro Boy	49	53	3014	2224	19.55	20.34	39.89	65	61.36	6.7	2009
The Invention of Lying	56	47	1707	4117	18.45	13.95	32.4	18.5	175.14	7	2009
Inkheart	39	51	2655	2862	17.3	45.14	62.44	60	104.07	7.6	2009
Fired Up!	22	52	1810	3030	17.2	1.37	18.6	20	93	5.5	2009
Jennifer's Body	42	37	2702	2542	16.2	15.35	31.55	16	197.19	6.9	2009
Imagine That	38	44	3008	1830	16.12	6.86	22.99	55	41.8	5.5	2009
Adventureland	89	56	1862	3073	16.04	1.12	17.16	9.8	175.1	5.7	2009
Armored	40	34	1915	3400	15.99	6.95	16	20	80	6.5	2009
A Perfect Getaway	61	50	2159	2755	15.5	7.33	22.83	14	163.07	5.9	2009
The Box	46	27	2635	2873	15.1	18.28	33.38	30	111.27	7.6	2009
I Love You Beth Cooper	14	38	1856	2648	14.8	1.02	15.82	18	87.89	4.9	2009
Amelia	21	35	820	4761	14.25	5.4	19.2	40	48	3.9	2009
Cirque du Freak: The Vampire's Assistant	38	50	2754	2285	13.87	25.36	39.23	40	98.08	6.3	2009
Crank: High Voltage	62	54	2223	3133	13.7	20.8	34.5	12.9	267.44	7	2009
Whip It	84	73	1721	2702	13	3.59	16	15	106.67	4.7	2009
An Education	94	78	761	1003	12.57	13.52	26.09	7.5	347.87	0.76	2009
12 Rounds	30	52	2331	2286	12.23	5.05	17.28	20	86.38	5.3	2009
Sunshine Cleaning	72	59	642	1527	12.06	4.51	16.57	5	331.4	0.9	2009
Sorority Row	22	38	2665	1899	11.97	15.24	27.21	12.5	217.68	5.1	2009
Extract	62	37	1611	2694	10.8	0.03	10.83	7.5	144.33	4.3	2009
Not Easily Broken	34	66	724	7340	10.6	0.14	10.7	5	214	5.3	2009
Pandorum	28	49	2506	1765	10.3	10.31	17	40	42.5	4.4	2009
Whiteout	7	28	2745	1791	10.28	7.57	12.2	35	34.86	4.9	2009
Next Day Air	21	27	1138	3613	10	0.15	10	3	333.33	4.1	2009
Dragonball Evolution	15	28	2181	2181	9.36	48.13	58.23	30	194.1	4.8	2009
Everybody's Fine	46	55	2133	1806	9.2	7.2	16.4	21	78.1	3.9	2009
Street Fighter: The Legend of Chun-Li	16	28	1136	4156	8.74	4.02	12.34	50	24.68	4.7	2009
My Life in Ruins	9	43	1164	2769	8.67	11.79	18.01	17	106	3.2	2009
Pirate Radio (The Boat that Rocked UK)	60	72	882	3293	8.01	28.33	36.34	50	72.68	2.9	2009
The Road	75	65	111	13534	8.12	19.51	27.63	25	110.51	1.5	2009
Taking Woodstock	48	48	1393	2482	7.46	2.52	9.98	29	34.4	3.5	2009
Post Grad	7	31	1959	1354	6.38	0.03	6.38	15	42.53	2.6	2009
Bandslam	79	60	2121	1052	5.2	7.01	12.1	20	61	2.2	2009
The Dark Knight	94	96	4366	36283	534.86	469.7	1004.56	185	543	158.4	2008
Iron Man	94	91	4105	24024	318.76	266.76	585.52	186	314.8	98.62	2008
Indiana Jones and the Kingdom of the Crystal Skull	77	59	4260	23507	317.1	469.53	786.64	185	425.21	100.1	2008
Hancock	40	67	3965	15789	227.95	396.44	624.39	150	416.26	62.6	2008
WALL-E	96	89	3992	15803	223.81	297.5	521.31	180	289.62	63.09	2008
Kung Fu Panda	88	83	4114	14642	215.43	416.31	631.74	200	315.87	60.24	2008
Madagascar: Escape 2 Africa	64	73	4056	15559	180.01	423.89	603.9	150	402.6	63.11	2008
Twilight	49	82	3419	20368	192.77	199.85	392.62	37	1061.12	69.64	2008
Quantum of Solace	64	62	3451	19568	168.37	417.72	586.09	230	254.82	67.5	2008
Dr. Seuss' Horton Hears a Who!	79	75	3954	11384	154.53	142.61	297.14	85	349.57	45	2008
Sex and the City	49	81	3285	17363	152.65	262.61	415.25	57.5	722.18	57.04	2008
Mamma Mia!	53	76	2976	9325	144.13	465.71	609.84	66	924	27.75	2008
The Chronicles of Narnia: Prince Caspian	66	78	3929	14007	141.62	278.04	419.67	200	209.83	55.03	2008
The Incredible Hulk	67	75	3505	15810	134.81	128.62	263.43	137.5	191.58	55.14	2008
Wanted	73	72	3175	16040	134.51	206.92	341.43	75	455.24	50.93	2008
Get Smart	51	73	3911	9891	130.32	100.37	230.69	80	288.36	38.7	2008
Tropic Thunder	83	69	3319	7777	110.52	77.56	188.07	90	208.97	25.81	2008
Bedtime Stories	25	63	3681	7457	110.1	102.77	212.87	80	266.09	27.5	2008
Bolt	89	76	3651	7182	114.05	195.93	309.98	150	206.65	26.2	2008
Marley and Me	63	77	3480	10448	143.15	99.56	242.72	55	441.3	36.36	2008
The Mummy: Tomb of the Dragon Emperor	14	40	3760	10760	102.49	298.64	401.13	145	276.64	40.5	2008
Journey to the Center of the Earth	61	55	2811	7477	101.7	140.29	241.99	45	537.76	21	2008
Eagle Eye	27	72	3510	8305	101.44	76.63	178.07	80	222.58	29.2	2008
Step Brothers	54	68	3094	10000	100.47	27.64	128.11	65	197.09	30.94	2008
You Don't Mess with the Zohan	36	50	3462	11130	100.02	99.92	199.94	80	249.92	38.53	2008
Yes Man	43	72	3434	5318	97.69	125.55	223.24	70	318.91	18.26	2008
10000 B.C.	9	44	3410	10518	94.78	175	269.78	105	256.94	35.9	2008
Beverly Hills Chihuahua	41	56	3215	9114	94.51	54.77	149.28	20	746.41	29.3	2008
High School Musical 3: Senior Year	65	76	3623	11601	90.56	162.35	252.91	11	2299.16	42.03	2008
Pineapple Express	68	74	3072	7567	87.34	14.28	101.62	26	390.86	23.2	2008
Valkyrie	58	66	2711	7756	83.08	117.2	200.28	75	267.03	21.03	2008
21	35	73	2648	9103	81.16	76.77	157.93	35	451.22	24.1	2008
What Happens in Vegas	28	72	3215	6274	80.28	139.1	219.38	35	626.79	20.17	2008
Jumper	16	50	3428	7980	80.17	142.06	222.23	82.5	269.37	27.4	2008
Cloverfield	77	67	3411	11744	80.05	90.72	170.76	25	683.05	40.1	2008
The Curious Case of Benjamin Button	73	81	2988	8987	127.51	206.42	333.93	160	208.71	26.85	2008
27 Dresses	40	71	3057	7526	76.81	83.45	160.26	30	534.19	23.01	2008
Hellboy II: The Golden Army	87	70	3204	10780	75.99	84.4	160.39	82.5	194.41	34.5	2008
The Day the Earth Stood Still	19	34	3560	8562	79.37	153.73	233.09	100	233.09	30.5	2008
Vantage Point	35	61	3149	7264	72.27	78.9	151.16	40	377.9	22.87	2008
The Spiderwick Chronicles	79	67	3847	4940	71.2	91.64	162.84	92.5	176.04	19	2008
Fool's Gold	11	53	3125	6909	70.23	41	111.23	72.5	153.42	21.6	2008
Role Models	77	75	2792	6865	67.29	25.09	92.38	28	329.93	19.17	2008
The Happening	19	29	2986	10220	64.51	98.9	163.4	48	340.42	30.52	2008
Forgetting Sarah Marshall	85	75	2798	6791	63.17	42	105.17	30	350.57	17.73	2008
Burn After Reading	78	64	2651	7215	60.36	103.36	163.72	37	442.48	19.13	2008
Baby Mama	63	59	2543	6845	60.49	3.67	64.16	70	91.66	17.41	2008
Seven Pounds	27	77	2758	5385	69.95	98.22	168.17	55	305.76	14.9	2008
Step Up 2: The Streets	26	81	2470	7655	58.02	92.8	150.82	17.5	861.8	18.91	2008
Saw V	13	63	3030	9822	56.75	57.12	113.86	10.8	1054.29	30.1	2008
The Strangers	44	48	2466	8515	52.6	29.79	82.39	9	915.44	20.99	2008
The Forbidden Kingdom	64	65	3151	6791	52.08	75.9	127.98	55	232.69	21.4	2008
The Tale of Despereaux	54	46	3104	3255	50.88	36.07	86.95	55	158.09	10.1	2008
The House Bunny	39	54	2714	5355	48.24	22.21	70.44	25	281.77	14.53	2008
Nim's Island	51	50	3513	3760	48.01	52.07	100.08	37	270.47	13.2	2008
Australia	55	69	2642	5602	49.55	161.79	211.34	78	270.95	14.8	2008
Made of Honor	13	61	2729	5407	46.01	59.95	105.96	40	264.91	14.76	2008
College Road Trip	13	56	2706	5026	45.61	5.94	51.55	140	36.82	13.6	2008
The Sisterhood of the Traveling Pants 2	65	67	2707	3945	44.09	0.26	44.35	27	164.26	10.68	2008
Speed Racer	38	61	3606	5174	43.95	50	93.95	120	78.29	18.6	2008
Prom Night	8	46	2700	7705	43.87	13.33	57.2	18	317.76	20.81	2008
Rambo	36	70	2751	6617	42.75	70.49	113.24	47.5	238.41	18.2	2008
Welcome Home Roscoe Jenkins	24	64	2387	6790	42.44	1.21	43.65	35	124.71	16.21	2008
Nights in Rodanthe	31	56	2704	4962	41.85	42.52	84.37	30	281.25	13.42	2008
Max Payne	16	36	3376	5225	40.69	44.73	85.42	35	244.05	17.6	2008
Righteous Kill	19	44	3152	5168	40.08	38.38	78.46	60	130.77	16.3	2008
Lakeview Terrace	46	44	2464	6090	39.26	5.39	44.65	20	223.27	15	2008
Body of Lies	53	65	2710	4754	39.39	75.7	115.1	67.5	170.51	12.9	2008
Meet the Spartans	2	31	2605	7104	38.23	46.41	84.65	30	282.15	18.51	2008
Harold and Kumar Escape from Guantanamo Bay	54	65	2510	5939	38.11	5.38	43.49	12	362.43	14.91	2008
First Sunday	13	59	2213	8004	37.93	0.87	38.8	13	298.48	17.7	2008
The Secret Life of Bees	56	78	1591	6617	37.77	2.18	39.95	11	363.15	10.53	2008
Death Race	42	69	2532	4985	36.32	39.36	75.68	45	168.17	12.62	2008
Changeling	62	84	1850	5055	35.74	77.28	113.02	55	205.49	9.4	2008
Star Wars: The Clone Wars	19	46	3452	4233	35.16	33.12	68.28	8.5	803.32	14.6	2008
Semi-Pro	21	41	3121	4830	33.48	10.41	43.88	2.6	1687.85	15.08	2008
Fireproof	40	51	839	8148	33.46	0.02	33.47	0.5	6694.4	6.84	2008
Drillbit Taylor	26	49	3056	3373	32.86	16.83	49.69	40	124.23	10.3	2008
The Love Guru	14	38	3012	4617	32.24	8.63	40.86	62	65.91	13.91	2008
Definitely Maybe	71	72	2204	4430	32.24	23.21	55.45	7	792.1	9.76	2008
Milk	94	88	36	40385	31.84	22.75	54.59	20	272.93	1.5	2008
Transporter 3	36	58	2626	4594	31.72	77.26	108.98	30	363.26	12.06	2008
Quarantine	59	46	2461	5775	31.69	9.63	41.32	12	344.33	14.2	2008
Nick and Norah's Infinite Playlist	73	67	2421	4672	31.49	2.02	33.51	10	335.05	11.31	2008
The Eye	22	51	2436	5101	31.42	25.55	56.96	12	474.69	12.4	2008
Zack and Miri Make a Porno	64	70	3735	3680	31.46	10.65	42.1	24	175.43	10.07	2008
Leatherheads	52	41	2769	4580	31.37	9.93	41.3	58	71.2	12.7	2008
Mirrors	14	49	2664	4190	30.69	46.8	77.49	35	221.39	11.2	2008
Space Chimps	36	37	2511	2860	30.11	34.73	64.83	37	175.22	7.18	2008
The Bank Job	78	74	1603	3702	30.06	34.76	64.82	20	324.11	5.94	2008
Untraceable	14	56	2368	4795	28.69	23.97	52.66	35	150.45	11.4	2008
The Women	13	41	2962	3415	26.9	23.11	50.01	16	312.54	10.12	2008
One Missed Call	0	36	2240	5585	26.89	18.96	45.85	20	229.24	12.5	2008
The Other Boleyn Girl	41	65	1166	7035	26.81	50.9	77.71	40	194.28	8.2	2008
Street Kings	37	62	2467	5054	26.42	39.15	65.57	20	327.86	12.5	2008
Shutter	7	40	2753	3794	25.93	21.95	47.88	8	598.48	10.5	2008
Superhero Movie	15	36	2960	3212	25.88	45.36	71.24	65	109.6	9.51	2008
W.	60	42	2030	5175	25.53	3.97	29.51	25.1	117.55	10.5	2008
Never Back Down	23	37	2729	3152	24.85	16.78	41.63	21	198.22	8.6	2008
Traitor	55	66	2054	3831	23.53	4.13	27.66	22	125.74	7.9	2008
Vicky Cristina Barcelona	82	73	692	5427	23.22	73.19	96.41	16	602.55	3.76	2008
Babylon A.D.	7	32	3390	2798	22.53	49.58	72.11	45	160.24	9.5	2008
The X-Files: I Want to Believe	32	34	3185	3147	20.98	47.39	68.37	35	195.34	10.1	2008
Mad Money	22	51	2470	3132	20.67	5.74	26.41	22	120.05	7.74	2008
Appaloosa	77	55	1045	4833	20.21	7.45	27.67	20	138.33	5	2008
My Best Friend's Girl	14	51	2604	3174	19.22	22.4	41.62	20	208.11	8.27	2008
Doubt	78	75	1267	4214	33.45	17.46	50.91	25	203.62	5.3	2008
The Spirit	14	29	2509	2576	19.81	19.23	39.03	6	650.52	6.5	2008
The Ruins	46	32	2812	2846	17.43	5.3	22.73	25	90.91	8	2008
88 Minutes	5	51	2168	3209	17.21	15.38	32.59	30	108.64	7	2008
Swing Vote	36	44	2213	2815	16.29	1.34	17.63	20	88.17	6.23	2008
Pride & Glory	34	54	2585	2423	15.74	15.41	31.15	30	103.82	6.26	2008
Bangkok Dangerous	9	33	2650	2937	15.3	27.19	42.49	45	94.42	7.8	2008
Disaster Movie	2	28	2642	2209	14.19	20.63	34.82	20	174.08	5.8	2008
The Haunting of Molly Hartley	3	22	2652	2045	13.56	1.86	15.42	5	308.34	5.4	2008
Ghost Town	85	60	1505	3330	13.37	13.71	27.07	20	135.37	5.01	2008
Religulous	70	78	502	6792	13.01	0.63	13.64	2.5	545.52	3.41	2008
Under the Same Moon	72	37	266	10412	12.59	10.72	23.31	1.7	1371.24	2.8	2008
Miss Pettigrew Lives for a Day	78	70	535	4655	12.31	4.41	16.72	60	27.87	2.49	2008
Soul Men	45	42	2044	2643	12.08	0.25	12.33	0	0	5.4	2008
Meet Dave	19	42	3011	1744	11.8	38.85	50.65	60	84.42	5.25	2008
The Longshots	39	39	2089	1953	11.54	0.23	11.77	30	39.22	4	2008
Be Kind Rewind	65	57	808	5013	11.18	19.4	30.58	20	152.88	4.05	2008
Doomsday	48	47	1936	2544	11.01	11.2	22.21	33	67.3	4.9	2008
Stop-Loss	65	27	1291	3528	10.92	0.29	11.21	25	44.82	4.56	2008
The Express	62	73	2808	1625	9.79	0.01	9.81	37.5	26.15	4.56	2008
Smart People	50	41	1106	3700	9.51	2.33	11.84	7	169.19	4.09	2008
Sex Drive	46	61	2421	1490	8.4	10.35	18.76	19	98.71	3.61	2008
Cadillac Records	67	64	687	5015	8.2	0.68	8.88	12	73.99	3.4	2008
Punisher: War Zone	27	47	2508	1703	8.05	2.05	10.1	35	28.85	4.3	2008
Miracle at St. Anna	34	68	1185	2935	7.92	1.4	9.32	45	20.72	3.5	2008
City of Ember	52	48	2022	1548	7.87	10.06	17.93	38	47.18	3.13	2008
Spider-Man 3	61	54	4252	35540	336.53	554.34	890.87	258	345.3	151.1	2007
Shrek the Third	42	57	4122	29507	322.72	476.24	798.96	160	499.35	121.6	2007
Transformers	57	89	4011	17577	319.25	390.46	709.71	150	473.14	70.5	2007
Pirates of the Caribbean: At World's End	45	74	4362	26302	309.42	654	963.42	300	321.14	114.7	2007
Harry Potter and the Order of the Phoenix	78	82	4285	17998	292	647.88	939.89	150	626.59	77.1	2007
I Am Legend	69	69	3606	21411	256.39	328.96	585.35	150	390.23	77.2	2007
The Bourne Ultimatum	93	91	3660	18929	227.47	215.35	442.82	110	402.57	69.3	2007
National Treasure: Book of Secrets	31	72	3832	11686	219.96	237.4	457.36	130	351.82	44.8	2007
Alvin and the Chipmunks	26	73	3475	12750	217.33	144.01	361.34	70	516.19	44.3	2007
300	60	90	3103	22844	210.61	245.45	456.07	65	701.64	70.9	2007
Ratatouille	97	84	3940	11935	206.45	417.28	623.72	150	415.81	47	2007
The Simpsons Movie	90	78	3922	18877	183.14	343.94	527.07	75	702.76	74	2007
Wild Hogs	14	72	3287	12077	168.27	85.35	253.62	90	281.8	39.7	2007
Knocked Up	91	83	2871	10690	148.77	70.31	219.08	33	663.86	30.7	2007
Juno	94	89	1019	10436	143.5	87.92	231.41	7.5	3085.48	10.6	2007
Rush Hour 3	20	68	3778	12996	140.13	117.9	258.02	140	184.3	49.1	2007
Live Free or Die Hard	79	86	3408	9791	134.53	249	383.53	110	348.66	33.4	2007
Fantastic Four: Rise of the Silver Surfer	35	55	3959	14663	131.92	157.13	289.05	130	222.34	58	2007
American Gangster	79	87	3054	14264	130.16	136.3	266.46	100	266.46	43.6	2007
Enchanted	93	80	3730	9233	127.81	212.68	340.49	85	400.57	34.4	2007
Bee Movie	52	57	3928	9679	126.63	160.96	287.59	150	191.73	38	2007
Superbad	88	87	2948	11211	121.46	48.41	169.87	20	849.36	33	2007
I Now Pronounce You Chuck and Larry	13	73	3495	9795	120.06	66.01	186.07	85	218.91	34.2	2007
Hairspray	92	84	3121	8803	118.87	83.68	202.55	75	270.06	27.5	2007
Blades of Glory	69	66	3372	9790	118.59	27.11	145.71	61	238.87	33	2007
Ocean's 13	70	74	3565	10135	117.15	194.16	311.31	85	366.25	36.1	2007
Ghost Rider	28	56	3619	12541	115.8	112.94	228.74	110	207.94	45.3	2007
Evan Almighty	23	56	3604	8654	100.46	72.96	173.42	175	99.1	31.2	2007
Meet the Robinsons	66	75	3413	7361	97.82	71.51	169.33	100	169.33	25.1	2007
Norbit	9	56	3136	10904	95.67	63.64	159.31	60	265.52	34.2	2007
The Bucket List	41	81	2911	6661	93.47	81.91	175.37	45	389.72	19.4	2007
The Game Plan	27	75	3103	7396	90.65	57.23	147.88	22	672.18	22.9	2007
Beowulf	71	52	3153	8726	82.28	114.11	196.39	150	130.93	27.5	2007
Disturbia	67	75	2925	7598	80.21	37.55	117.76	20	588.79	22.2	2007
No Country for Old Men	95	84	860	9042	74.28	97.34	171.63	25	686.5	7.8	2007
The Golden Compass	42	55	3528	7308	70.11	302.13	372.23	180	206.8	25.7	2007
Charlie Wilson's War	82	73	2575	3750	66.66	52.34	119	75	158.67	9.6	2007
Saw IV	18	70	3183	9976	63.3	76.05	139.35	10	1393.52	31.7	2007
Stomp the Yard	27	83	2051	10645	61.36	14.15	75.51	14	539.36	21.9	2007
Surf's Up	78	64	3528	5000	58.87	90.18	149.04	85	175.34	17.6	2007
Halloween	26	64	3472	7592	58.27	21.98	80.25	20	401.27	26.4	2007
Tyler Perry's Why Did I get Married	46	47	2011	10618	55.2	0.66	55.86	15	372.41	21.4	2007
TMNT	33	63	3110	7799	54.15	41.46	95.61	35	273.17	24.3	2007
P.S. I Love You	21	82	2454	2641	53.7	103.14	156.83	30	522.78	6.5	2007
3:10 to Yuma	88	85	2652	5292	53.61	16.41	70.02	48	145.86	14	2007
Sweeney Todd: The Demon Barber of Fleet Street	86	81	1249	7446	52.9	99.63	152.52	50	305.05	9.3	2007
Michael Clayton	90	72	2511	4131	49.03	43.96	92.99	25	371.96	10.4	2007
Premonition	8	55	2831	6202	47.85	36.29	84.15	20	420.73	17.6	2007
The Kingdom	52	78	2793	6135	47.54	39.12	86.66	80	108.32	17.1	2007
Shooter	47	82	2806	5175	47	48.69	95.7	61	156.88	14.5	2007
License to Wed	8	55	2604	4002	43.8	25.51	69.31	35	198.02	10.4	2007
No Reservations	39	64	2425	4826	43.11	49.49	92.6	28	330.71	11.7	2007
Alien vs. Predator -- Requiem	14	37	2611	3853	41.8	87.09	128.88	40	322.21	10	2007
There Will Be Blood	91	84	885	5502	40.22	35.96	76.18	25	304.72	4.9	2007
Epic Movie	2	38	2801	6644	39.74	47.13	86.87	20	434.33	18.6	2007
Hitman	15	61	2458	5362	39.69	60.28	99.97	17.5	571.23	13.2	2007
30 Days of Night	50	57	2855	5587	39.57	35.94	75.5	32	235.95	15.6	2007
Stardust	76	86	2540	3610	38.63	96.93	135.56	70	193.66	9.16	2007
The Brave One	43	65	2755	4889	36.79	32.99	69.79	70	99.69	13.5	2007
The Heartbreak Kid	30	41	3229	4342	36.79	90.98	127.77	60	212.94	14	2007
Smokin' Aces	27	64	2218	6599	35.79	21.32	57.1	17	335.9	14.6	2007
Good Luck Chuck	3	61	2612	5226	35.02	24.17	59.19	25	236.76	13.7	2007
Zodiac	89	73	2362	5671	33.08	51.71	84.79	65	130.44	13.4	2007
Mr. Magorium's Wonder Emporium	36	56	3164	3043	32.06	37.41	69.47	25	277.9	9.63	2007
We Own the Night	55	63	2362	4583	28.56	26.36	54.93	21	261.55	10.8	2007
Mr. Brooks	56	75	2453	4083	28.55	19.57	48.12	20	240.61	10	2007
The Nanny Diaries	33	52	2629	2845	25.93	21.81	47.74	20	238.69	7.5	2007
Nancy Drew	49	61	2612	2615	25.61	5.05	30.67	20	153.33	6.9	2007
The Mist	72	64	2423	3686	25.59	31.7	57.29	18	318.29	8.9	2007
The Reaping	9	53	2603	3851	25.13	37.64	62.77	40	156.93	10	2007
Grindhouse	82	86	2624	4419	25.04	0.38	25.42	53	47.96	11.6	2007
Sicko	93	87	702	5128	24.54	11.55	36.09	9	400.98	3.6	2007
Across the Universe	54	84	954	4009	24.34	5.02	29.37	45	65.26	3.8	2007
The Hills Have Eyes 2	11	50	2447	3958	20.8	16.66	37.47	15	249.77	9.7	2007
Vacancy	55	46	2551	2980	19.36	15.94	35.3	19	185.79	7.6	2007
Waitress	89	67	605	3327	19.07	3.1	22.18	2	1108.9	2	2007
Into the Wild	82	90	658	3249	18.35	37.9	56.25	15	375.03	2.1	2007
Walk Hard: The Dewey Cox Story	75	55	2650	1575	18.32	2.26	20.58	35	58.79	4.1	2007
Next	29	59	2725	2617	18.21	57.86	76.07	70	108.67	7.1	2007
Hostel: Part II	44	45	2350	3490	17.61	18.01	35.62	10	356.19	8.2	2007
The Kite Runner	66	85	715	2243	15.8	57.48	73.28	20	366.38	1.6	2007
Happily N'Ever After	4	43	2381	2775	15.59	22.5	38.09	47	81.03	6.6	2007
The Invasion	19	43	2776	2143	15.07	25.1	40.17	80	50.21	5.6	2007
Lions for Lambs	27	48	2215	3025	15	48.21	63.22	35	180.61	6.7	2007
Daddy Day Camp	1	63	2332	1459	13.24	4.96	18.2	6	303.28	3.4	2007
Shoot 'Em Up	67	66	2108	2711	12.81	14.01	26.82	39	68.77	5.7	2007
The Darjeeling Limited	67	79	698	2523	11.9	23.18	35.08	17.5	200.45	1.8	2007
In the Land of Women	43	72	2155	2186	11.05	6.51	17.56	10	175.61	4.7	2007
Dragon Wars (aka D-War)	27	44	2277	2213	10.98	64.13	75.11	75	100.14	5	2007
Pathfinder: Legend of the Ghost Warrior	11	41	1720	2907	10.23	20.59	30.82	26	118.55	5	2007
